<?xml version="1.0" encoding="UTF-8"?>
<project-private xmlns="http://www.netbeans.org/ns/project-private/1">
    <editor-bookmarks xmlns="http://www.netbeans.org/ns/editor-bookmarks/2" lastBookmarkId="0"/>
    <open-files xmlns="http://www.netbeans.org/ns/projectui-open-files/2">
        <group>
            <file>file:/C:/xampp/htdocs/AveFenixFundacion/AveFenix/DB/Model_Data.php</file>
            <file>file:/C:/xampp/htdocs/AveFenixFundacion/AveFenix/controller/controllerEventAdmin.php</file>
            <file>file:/C:/xampp/htdocs/AveFenixFundacion/AveFenix/C_Administrativo/Administrativo.php</file>
            <file>file:/C:/xampp/htdocs/AveFenixFundacion/AveFenix/Admin/Datos/Cartola.php</file>
            <file>file:/C:/xampp/htdocs/AveFenixFundacion/AveFenix/Admin/VerDatos.php</file>
            <file>file:/C:/xampp/htdocs/AveFenixFundacion/AveFenix/fpdf/fpdf.php</file>
        </group>
    </open-files>
</project-private>
